pid,title,handle,cat,type,abv,seimai,smv,acid,taste_tag,amakara,nodan,aroma,sanmi,kire,inv
6712425251025,白笹鼓 純米大吟醸,7,sake,純米大吟醸,15度,45%,,,,3,3,5,3,3,81
6712425316561,白笹鼓 大吟醸,9,sake,大吟醸,15度,45%,,,やや辛口,4,3,5,3,4,317
6712425578705,白笹鼓 純米吟醸,14,sake,純米吟醸,14度,60%,,,,3,3,4,3,3,27
6712425611473,白笹鼓 純米吟醸酒「神奈川物語」500ml,15,sake,純米吟醸,,,1.0,1.4,,3,4,4,4,2,43
6712425644241,白笹鼓 特別純米酒 300ml,16,sake,特別純米,,,1.5,1.4,やや辛口,4,4,4,4,4,5
6712425742545,白笹鼓 特別純米,17,sake,特別純米,15度,65%,,,やや辛口,4,3,3,3,4,10
6712425840849,白笹鼓 特別本醸造,19,sake,特別本醸造,15度,60%,,,やや淡麗辛口,4,2,2,3,4,46
6712426004689,白笹鼓 純米,21,sake,純米,14度,65%,,,やや辛口,4,3,3,3,4,90
6712426102993,白笹鼓 本醸造,23,sake,本醸造,15度,65%,,,やや淡麗辛口,4,2,2,3,5,43
6712426201297,白笹鼓 原酒「笹の露」,25,sake,原酒,18度,65%,,,濃醇旨口,4,4,2,3,4,26
6712426266833,白笹鼓 謹醸 720ml,27,sake,普通酒,,,4.0,1.1,旨口,5,4,2,3,4,29
6712426365137,"白笹鼓 謹醸 1,800ml",28,sake,本醸造,18度,60%,,,旨口,3,3,2,3,2,5
6712426463441,白笹鼓 謹醸 300ml,29,sake,普通酒,,,4.0,1.1,旨口,5,4,2,3,4,41
6712426528977,"白笹鼓 樽酒 1,800ml",30,sake,樽酒,,,4.0,1.0,辛口,5,3,2,2,4,-6
6712426627281,白笹鼓 生貯蔵「弘法山」300ml,32,sake,生貯蔵,,,3.0,1.0,やや辛口,4,3,2,2,3,-10
6712426725585,しらささ 冷や酒 300ml,34,sake,普通酒,,,5.0,1.1,やや淡麗旨口,5,4,2,3,4,0
6712426856657,しらささ 冷や酒 720ml,35,sake,普通酒,,,5.0,1.1,やや淡麗旨口,5,4,2,3,4,0
6712426922193,白笹鼓 本醸造生貯蔵酒 300ml,36,sake,生貯蔵,,,4.0,1.2,辛口,5,4,2,3,4,48
6834340987089,白笹鼓 特別純米酒「妖怪 アマビエ」720ml,44,sake,特別純米,,,1.5,1.4,やや辛口,4,4,4,4,4,0
6834366808273,【秋季限定】白笹鼓 純米酒「丹沢のひやおろし」720ml,46,sake,純米,,,3.5,,辛口,5,4,3,3,4,0
6834370707665,"【秋季限定】白笹鼓 純米酒「丹沢のひやおろし」1,800ml",47,sake,純米,,,3.5,,辛口,5,4,3,3,4,0
6834376147153,【秦野萌酒】白笹鼓 特別本醸造「いなり」720ml,48,sake,特別本醸造,,,3.5,1.3,やや淡麗辛口,5,4,2,4,4,31
6834393153745,【秦野萌酒】白笹鼓 純米「いなり」720ml,49,sake,特別本醸造,,,1.5,1.4,やや辛口,4,4,3,4,3,43
6861443694801,白笹鼓 梅酒「ぽ」300ml,50,other-alc,梅酒,,,,,,,,,,,0
6890851762385,化粧箱,giftbox,goods,,,,,,,,,,,,0
6890854154449,720ml用化粧箱（3本入れ）,化粧箱-3本入れ,goods,,,,,,,,,,,,94
6890854285521,720ml用化粧箱（4本入れ）,化粧箱-4本入れ,goods,,,,,,,,,,,,20
6891104010449,300ml用化粧箱（6本入れ）,300ml用化粧箱-6本入れ,goods,,,,,,,,,,,,100
6891104501969,1800ml用化粧箱（2本入れ）,1800ml用化粧箱-2本入れ,goods,,,,,,,,,,,,50
6942345920721,梅酒　波多野　500ml,ss_1,other-alc,,,,,,,,,,,,0
6948428284113,ナマザケ 720ml（要冷蔵）,63,sake,純米,,,-1.5,,,2,4,3,3,2,20
6980152066257,白笹鼓 2022年「寅」干支ボトル（ゴールド）,55,goods,アルコール飲料,,,5.0,1.1,,,,,,,0
6980160651473,白笹鼓 2022年「寅」干支ボトル（青磁）,56,goods,アルコール飲料,,,5.0,1.1,,,,,,,5
6987632181457,白笹鼓 ウメザケ（梅酒）,64,other-alc,リキュール,9度以上 10度未満,,,,,,,,,,2
7036190589137,8勺ます（焼き印入り）,shirasasa-masu,goods,グラス・カップ,,,,,,,,,,,0
7036846473425,ヤマザケ「塔ノ岳・ヤビツ峠」（※箱付き）,69,goods,純米吟醸酒,14度,60％,,,,,,,,,56
7052189237457,白笹鼓　純米原酒　秦野　720ｍｌ,白笹鼓-純米原酒-秦野-720ｍｌ,sake,,,,,,,3,3,2,3,3,0
7052192383185,白笹鼓　ヤビツ峠　300ml　（本醸造）,白笹鼓-ヤビツ峠-300ml-本醸造,sake,,,,,,,3,3,2,3,3,0
7052192415953,白笹鼓　塔の岳　300ml　（山田錦・純米吟醸）,白笹鼓-塔の岳-300ml-山田錦-純米吟醸,sake,,,,,,,3,3,2,3,3,0
7057359831249,白笹鼓　特撰　1800ｍｌ,白笹鼓-特撰-1800ｍｌ,sake,,,,,,,3,3,2,3,3,0
7057360847057,白笹鼓　純米吟醸生貯蔵　300ｍｌ,白笹鼓-純米吟醸生貯蔵-300ｍｌ,sake,,,,,,,3,3,2,3,3,0
7057360945361,干支ボトル金チヂミ　720ml,干支ボトル金チヂミ-720ml,goods,,,,,,,,,,,,0
7057360978129,干支ボトル青磁　720ml,干支ボトル青磁-720ml,goods,,,,,,,,,,,,0
7057361043665,干支コモ樽（冷や）　1800ml,干支コモ樽-冷や-1800ml,goods,,,,,,,,,,,,0
7057361109201,白笹鼓　干支豆樽（冷や）　300ml,白笹鼓-干支豆樽-冷や-300ml,goods,,,,,,,,,,,,0
7057361371345,白笹鼓　1800ml,白笹鼓-1800ml,sake,,,,,,,3,3,2,3,3,0
7057361502417,白笹鼓　特別大吟醸　鳳泉　（木箱）　1800ｍｌ,白笹鼓-特別大吟醸-鳳泉-木箱-1800ｍｌ,goods,,,,,,,,,,,,0
7057362878673,白笹鼓　本醸造　生酒　1800ｍｌ,白笹鼓-本醸造-生酒-1800ｍｌ,sake,,,,,,,3,3,2,3,3,0
7057363042513,白笹鼓　本醸造　生酒　720ｍｌ,白笹鼓-本醸造-生酒-720ｍｌ,sake,,,,,,,3,3,2,3,3,0
7057363304657,白笹鼓　梅酒　500ml,白笹鼓-梅酒-500ml,other-alc,,,,,,,,,,,,0
7057363468497,モーツァルト　K001･K003　吟･原セット　500ｍｌ×2,モーツァルト-k001-k003-吟-原セット-500ｍｌ-2,sake,,,,,,,3,3,2,3,3,0
7057363566801,モーツァルト　K001･K005　原･純セット　500ｍｌ×2,モーツァルト-k001-k005-原-純セット-500ｍｌ-2,sake,,,,,,,3,3,2,3,3,0
7057363763409,モーツァルト　K003･K005　吟･純セット　500ｍｌ×2,モーツァルト-k003-k005-吟-純セット-500ｍｌ-2,sake,,,,,,,3,3,2,3,3,0
7057363960017,飲み比べセット　春嶽,飲み比べセット-春嶽,sake,,,,,,,3,3,2,3,3,0
7057364123857,SH-25　(特純1・特本1),sh-25-特純1-特本1,sake,,,,,,,3,3,2,3,3,0
7057364254929,SW-31　（若水1・特純1）,sw-31-若水1-特純1,sake,,,,,,,3,3,2,3,3,0
7057364484305,SH-40　(特純2・特本1),sh-40-特純2-特本1,sake,,,,,,,3,3,2,3,3,0
7057364582609,SFE-43　(吟醸・笹の露・純米),sfe-43-吟醸-笹の露-純米,sake,,,,,,,3,3,2,3,3,0
7057364713681,弘法山　720ｍｌ,弘法山-720ｍｌ,sake,,,,,,,3,3,2,3,3,0
7057364844753,秦野　生酒　720ｍｌ,秦野-生酒-720ｍｌ,sake,,,,,,,3,3,2,3,3,0
7057365041361,酒粕500g詰,酒粕500g詰,sake,,,,,,,3,3,2,3,3,0
7057367466193,白笹鼓　純米吟醸　一合缶　180ml,白笹鼓-純米吟醸-一合缶-180ml,sake,,,,,,,3,3,2,3,3,0
7057367564497,白笹鼓　DRUNKEN DEMON　300ml　（冷や酒）,白笹鼓-drunken-demon-300ml-冷や酒,sake,,,,,,,3,3,2,3,3,0
7057367597265,白笹鼓　THE WHITE FOX　300ml　（冷や酒）,白笹鼓-the-white-fox-300ml-冷や酒,sake,,,,,,,3,3,2,3,3,0
7057368023249,袋（ビニール・店頭用）,袋,sake,,,,,,,3,3,2,3,3,0
7064594120913,送料１：神奈川県,送料１,sake,,,,,,,3,3,2,3,3,0
7064616108241,送料２：北海道,送料-２,sake,,,,,,,3,3,2,3,3,0
7064631476433,送料３：青森・秋田・岩手,送料-３,sake,,,,,,,3,3,2,3,3,0
7064634949841,送料４：宮城・山形・福島,送料-４,sake,,,,,,,3,3,2,3,3,0
7064636784849,送料５：茨城・栃木・群馬・埼玉・千葉・東京・山梨・新潟,送料-５,sake,,,,,,,3,3,2,3,3,0
7064663785681,送料６：静岡・愛知・岐阜・三重・長野・富山・石川・福井,送料-６,sake,,,,,,,3,3,2,3,3,0
7064665227473,送料７：滋賀・京都・奈良・和歌山・大阪・兵庫,送料-７,sake,,,,,,,3,3,2,3,3,0
7064667848913,送料８：岡山・広島・山口・鳥取・島根,送料-８,sake,,,,,,,3,3,2,3,3,0
7064669028561,送料９：香川・徳島・高知・愛媛,送料-9,sake,,,,,,,3,3,2,3,3,0
7064671748305,送料１１：宮崎・熊本・鹿児島,送料-10,sake,,,,,,,3,3,2,3,3,0
7064674631889,送料１２：沖縄,送料-12,sake,,,,,,,3,3,2,3,3,0
7064684527825,送料１０：福岡・佐賀・大分・長崎,送料-11,sake,,,,,,,3,3,2,3,3,0
7064694882513,送料：クール便,クール便,sake,,,,,,,3,3,2,3,3,0
7064795447505,酒粕　５Kg,酒粕-５kg,sake,,,,,,,3,3,2,3,3,0
7069570040017,新・ほおずき　300ml,新-ほおずき-300ml,sake,,,,,,,3,3,2,3,3,0
7069579575505,300ml用化粧箱（2本入れ）,300ml-2本入れ箱,goods,,,,,,,,,,,,0
7137590771921,720ml用化粧箱（2本入れ／店頭用）,店頭-720ml２本入れ,goods,,,,,,,,,,,,0
7148113068241,手提げ袋,giftbag,sake,,,,,,,3,3,2,3,3,0
7157006926033,白笹鼓　５銘柄飲み比べスターターキット（※箱付き）,79,goods,大吟醸,15度,45%,,,,,,,,,7
7162560577745,【店頭用】大吟・若水 セット,店頭用-大吟-若水-セット,sake,,,,,,,3,3,2,3,3,0
7233792180433,ササノネ　湘南ゴールド（和リキュール）,85,other-alc,リキュール,9度,,,,,,,,,,0
7240420229329,熨斗・包装,noshi,sake,,,,,,,3,3,2,3,3,0
7253282914513,ササノメグリ　碧笹,87,sake,特別純米酒／純米酒,12度,65%,,,,3,3,3,3,3,30
7317834858705,蔵元直詰　秦野の酒粕,89,sake,その他,,,,,,3,3,2,3,3,0
7329516749009,ミライザケ テロワール純米吟醸原酒 大地 2026,90,sake,原酒,16度,55%,,,,3,3,4,3,3,62
7329517437137,ミライザケ テロワール純米吟醸 詩歌 2026,91,sake,純米吟醸酒,14度,55%,,,,3,3,4,3,3,63
7353060294865,ササノシラベ 春笹うすにごり 純米吟醸生 2026,92,sake,純米吟醸酒（生）,15度,60%,,,,4,3,4,3,4,10
7398497845457,黒笹 Revive 純米吟醸 2026,94,sake,純米吟醸酒,15度,60%,,,,3,3,4,3,4,76
7398498959569,黒笹 Eden 純米吟醸 2026,93,sake,純米吟醸酒,15度,60%,,,,3,3,4,3,3,58
7428654694609,夏笹しゅわり 純米発泡生2026,95,sake,純米酒（瓶内二次発酵生）,12度,65%,,,,3,3,3,3,3,52
7516625305809,黒笹Classic 特別純米,99,sake,特別純米酒,14度,65%,,,,3,3,3,3,3,18
7575615373521,SAKE for Highball（数量限定）,101,sake,清酒,16度,70%,,,,3,3,2,3,3,55
7610707116241,ミライザケ奏炎 -2025- 辛口特別純米,102,sake,特別純米酒,15度,65%,,,,4,3,3,3,5,72
7612870918353,ササノメグリ　緋笹（数量限定）,103,sake,,13度,65%,,,,3,3,2,3,3,0
7640736661713,クラッチュ 湘南潮彩レモン40,105,other-alc,リキュール,25度,,,,,,,,,,61
